Issue Type,Issue key,Assignee,Status,Priority,Updated
New Feature,TTOP-317,gil9red,Open,Info Request/Minor,03-08-2018 19:25
Task,TTOP-379,gil9red,Closed,Ordinary,03-08-2018 17:41
Task,RBTWS-11202,gil9red,Resolved,Info Request/Minor,03-08-2018 17:22
Task,TTOP-380,gil9red,Closed,Ordinary,03-08-2018 17:22
Task,TTOP-373,gil9red,Resolved,Ordinary,03-08-2018 17:21
Bug,RBTWS-24740,gil9red,Closed,Moderate/Major,03-08-2018 16:13
Bug,RBTWS-24734,gil9red,Closed,Moderate/Major,03-08-2018 16:13
Bug,TTOP-203,gil9red,Resolved,Ordinary,03-08-2018 12:21
Task,TTOP-267,gil9red,Open,Ordinary,02-08-2018 18:37
Task,TTOP-111,gil9red,Closed,Ordinary,02-08-2018 17:41
Task,RBTWS-24590,gil9red,Resolved,Ordinary,02-08-2018 12:42
Bug,TTOP-236,gil9red,Resolved,Ordinary,01-08-2018 15:05
Task,TTOP-218,gil9red,Resolved,Ordinary,01-08-2018 14:45
Task,TTOP-332,gil9red,Resolved,Ordinary,01-08-2018 12:33
Question,TTOP-276,gil9red,Reopened,Ordinary,31-07-2018 13:37
Bug,TTOP-257,gil9red,Closed,Ordinary,31-07-2018 12:36
Bug,TTOP-270,gil9red,Closed,Ordinary,30-07-2018 16:51
Task,TTOP-226,gil9red,Closed,Ordinary,30-07-2018 14:23
Bug,TTOP-102,gil9red,Open,Ordinary,30-07-2018 14:20
Bug,TTOP-323,gil9red,Resolved,Ordinary,27-07-2018 17:43
Task,RBTWS-23275,gil9red,Resolved,Ordinary,27-07-2018 17:37
Task,TTOP-344,gil9red,Resolved,Ordinary,27-07-2018 17:10
Task,RBTWS-23908,gil9red,Open,Ordinary,27-07-2018 10:23
Task,RBTWS-24119,gil9red,Closed,Ordinary,26-07-2018 18:26
New Feature,RBTWS-24699,gil9red,Closed,Ordinary,25-07-2018 16:47
Bug,RBTWS-21999,gil9red,In Progress,Moderate/Major,25-07-2018 15:18
Question,RBTWS-22196,gil9red,Resolved,Ordinary,24-07-2018 17:40
Task,RBTWS-24655,gil9red,Closed,Ordinary,24-07-2018 17:24
Sub-task,RBTWS-23915,gil9red,Closed,Ordinary,24-07-2018 15:30
Sub-task,RBTWS-24633,gil9red,Closed,Ordinary,23-07-2018 18:44
Bug,TTOP-378,gil9red,Closed,Ordinary,19-07-2018 17:13
Task,RBTWS-24583,gil9red,Resolved,Ordinary,17-07-2018 17:05
Task,RBTWS-24582,gil9red,Resolved,Ordinary,17-07-2018 16:19
Bug,RBTWS-20445,gil9red,Resolved,Moderate/Major,17-07-2018 12:13
Task,RBTWS-12576,gil9red,Closed,Ordinary,17-07-2018 12:13
Task,RBTWS-10581,gil9red,Resolved,Moderate/Major,17-07-2018 12:13
Question,RBTWS-20028,gil9red,Resolved,Moderate/Major,17-07-2018 12:13
Task,RBTWS-12556,gil9red,Resolved,Ordinary,17-07-2018 12:13
Task,RBTWS-9905,gil9red,Closed,Ordinary,17-07-2018 12:13
Sub-task,RBTWS-9620,gil9red,Resolved,Moderate/Major,17-07-2018 12:13
Task,RBTWS-21760,gil9red,Resolved,Ordinary,17-07-2018 12:13
Task,RBTWS-21411,gil9red,Resolved,Ordinary,17-07-2018 12:13
Question,RBTWS-11670,gil9red,Resolved,Moderate/Major,17-07-2018 12:13
Question,RBTWS-9814,gil9red,Resolved,Moderate/Major,17-07-2018 12:13
New Feature,RBTWS-8522,gil9red,Resolved,Moderate/Major,17-07-2018 12:13
Task,RBTWS-15702,gil9red,Resolved,Ordinary,17-07-2018 11:56
Question,RBTWS-10710,gil9red,Resolved,Moderate/Major,17-07-2018 11:56
Task,RBTWS-16137,gil9red,Open,Ordinary,17-07-2018 11:56
Task,RBTWS-11244,gil9red,Closed,Moderate/Major,17-07-2018 11:56
Question,RBTWS-15491,gil9red,Resolved,Ordinary,17-07-2018 11:56
Question,RBTWS-15990,gil9red,Resolved,Ordinary,17-07-2018 11:56
Task,RBTWS-10575,gil9red,Resolved,Moderate/Major,17-07-2018 11:56
Question,RBTWS-14875,gil9red,Resolved,Moderate/Major,17-07-2018 11:56
Question,RBTWS-10674,gil9red,Resolved,Moderate/Major,17-07-2018 11:56
Task,RBTWS-10694,gil9red,Closed,Ordinary,17-07-2018 11:56
Task,RBTWS-9415,gil9red,Resolved,Moderate/Major,17-07-2018 11:56
Task,RBTWS-9858,gil9red,Resolved,Moderate/Major,17-07-2018 11:56
Question,RBTWS-7578,gil9red,Closed,Moderate/Major,17-07-2018 11:56
Task,RBTWS-22586,gil9red,Resolved,Ordinary,17-07-2018 11:56
Task,RBTWS-22060,gil9red,Resolved,Moderate/Major,17-07-2018 11:56
Task,RBTWS-14962,gil9red,Closed,Ordinary,17-07-2018 11:56
Question,RBTWS-15617,gil9red,Closed,Ordinary,17-07-2018 11:56
Task,RBTWS-9301,gil9red,Resolved,Info Request/Minor,17-07-2018 11:56
Question,RBTWS-11173,gil9red,Resolved,Moderate/Major,17-07-2018 11:56
Question,RBTWS-15679,gil9red,Resolved,Ordinary,17-07-2018 11:56
Task,RBTWS-8030,gil9red,Resolved,Moderate/Major,17-07-2018 11:56
New Feature,RBTWS-7562,gil9red,Resolved,Ordinary,17-07-2018 11:56
Task,RBTWS-22110,gil9red,Resolved,Moderate/Major,17-07-2018 11:56
New Feature,RBTWS-24003,gil9red,Resolved,Ordinary,17-07-2018 10:45
Task,RBTWS-24506,gil9red,Resolved,Ordinary,13-07-2018 16:53
Task,RBTWS-15744,gil9red,Closed,Ordinary,12-07-2018 16:27
Sub-task,RBTWS-23105,gil9red,Closed,Ordinary,11-07-2018 15:54
Task,TTOP-376,gil9red,Open,Ordinary,09-07-2018 11:32
Question,RBTWS-24423,gil9red,Closed,Moderate/Major,06-07-2018 11:11
New Feature,RBTWS-23277,gil9red,Resolved,Ordinary,05-07-2018 15:02
Bug,RBTWS-24158,gil9red,Closed,Ordinary,05-07-2018 13:30
Task,RBTWS-24328,gil9red,Closed,Ordinary,02-07-2018 18:32
Question,RBTWS-23738,gil9red,Closed,Moderate/Major,02-07-2018 17:50
Task,RBTWS-24254,gil9red,Resolved,Ordinary,28-06-2018 16:15
Bug,TTOP-351,gil9red,Closed,Moderate/Major,27-06-2018 10:47
Question,TTOP-360,gil9red,Closed,Ordinary,27-06-2018 09:48
Question,STTXS-212,gil9red,Closed,Ordinary,26-06-2018 13:26
Sub-task,TTOP-374,gil9red,Resolved,Ordinary,25-06-2018 16:44
Task,RBTWS-24004,gil9red,Closed,Ordinary,22-06-2018 17:26
Bug,RBTWS-24202,gil9red,Resolved,Moderate/Major,22-06-2018 14:39
Task,RBTWS-24207,gil9red,Closed,Ordinary,22-06-2018 13:49
Task,RBTWS-23651,gil9red,Closed,Ordinary,21-06-2018 12:13
Task,RBTWS-23888,gil9red,Closed,Ordinary,15-06-2018 18:34
New Feature,TTOP-250,gil9red,Resolved,Ordinary,15-06-2018 09:27
Bug,RBTWS-24029,gil9red,Closed,Ordinary,09-06-2018 12:31
Bug,RBTWS-24024,gil9red,Closed,Ordinary,08-06-2018 19:05
Task,RBTWS-23665,gil9red,Resolved,Ordinary,07-06-2018 16:54
Task,RBTWS-23869,gil9red,Closed,Ordinary,01-06-2018 13:16
Bug,TTOP-371,gil9red,Resolved,Moderate/Major,30-05-2018 13:26
Bug,RBTWS-23864,gil9red,Closed,Ordinary,29-05-2018 18:30
Bug,RBTWS-23845,gil9red,Closed,Ordinary,29-05-2018 13:18
Task,RBTWS-23040,gil9red,Closed,Ordinary,28-05-2018 13:44
Task,TTOP-273,gil9red,Resolved,Ordinary,25-05-2018 13:35
Bug,RBTWS-23254,gil9red,Closed,Ordinary,23-05-2018 10:26
Bug,RBTWS-23737,gil9red,Closed,Ordinary,22-05-2018 12:59
Bug,RBTWS-23704,gil9red,Closed,Ordinary,21-05-2018 13:42
Task,RBTWS-23186,gil9red,Closed,Ordinary,18-05-2018 11:47
Sub-task,RBTWS-22939,gil9red,Resolved,Ordinary,15-05-2018 12:45
Task,RBTWS-13455,gil9red,Closed,Ordinary,15-05-2018 09:32
New Feature,RBTWS-13900,gil9red,Closed,Ordinary,15-05-2018 08:27
Sub-task,RBTWS-23261,gil9red,Closed,Ordinary,27-04-2018 19:23
Question,TTOP-341,gil9red,Closed,Ordinary,27-04-2018 15:37
New Feature,STTXS-227,gil9red,Open,Ordinary,26-04-2018 11:41
Task,RBTWS-19498,gil9red,Closed,Ordinary,24-04-2018 10:58
Bug,RBTWS-19385,gil9red,Resolved,Moderate/Major,23-04-2018 15:51
New Feature,RBTWS-14514,gil9red,Open,Moderate/Major,23-04-2018 11:46
Task,STTXS-202,gil9red,Closed,Ordinary,22-04-2018 12:13
Question,RBTWS-21573,gil9red,Closed,Ordinary,22-04-2018 12:10
Task,TTOP-368,gil9red,Closed,Ordinary,19-04-2018 18:36
Sub-task,RBTWS-23145,gil9red,Closed,Ordinary,18-04-2018 18:38
Bug,RBTWS-18784,gil9red,Closed,Ordinary,13-04-2018 13:21
Task,RBTWS-19283,gil9red,Closed,Ordinary,13-04-2018 12:36
Task,RBTWS-20984,gil9red,Closed,Ordinary,13-04-2018 12:23
Sub-task,TTOP-365,gil9red,Resolved,Ordinary,10-04-2018 18:40
Bug,TTOP-333,gil9red,Resolved,Moderate/Major,10-04-2018 18:21
Sub-task,TTOP-362,gil9red,Resolved,Ordinary,10-04-2018 15:14
Task,RBTWS-23098,gil9red,Closed,Ordinary,09-04-2018 14:56
Sub-task,RBTWS-15435,gil9red,Open,Ordinary,06-04-2018 14:36
Sub-task,TTOP-364,gil9red,Resolved,Ordinary,05-04-2018 17:09
Task,TTOP-300,gil9red,Open,Moderate/Major,30-03-2018 17:15
Sub-task,TTOP-361,gil9red,Resolved,Ordinary,28-03-2018 20:11
Sub-task,RBTWS-22904,gil9red,Closed,Ordinary,28-03-2018 19:08
Sub-task,RBTWS-22902,gil9red,Closed,Ordinary,28-03-2018 19:07
Bug,RBTWS-22480,gil9red,Resolved,Ordinary,23-03-2018 11:06
Task,TTOP-303,gil9red,Resolved,Ordinary,10-03-2018 09:39
Question,RBTWS-22463,gil9red,Resolved,Ordinary,06-03-2018 15:41
Bug,TTOP-354,gil9red,Open,Moderate/Major,16-02-2018 13:50
Bug,TTOP-353,gil9red,Closed,Moderate/Major,15-02-2018 18:14
Task,TTOP-330,gil9red,Open,Ordinary,12-02-2018 17:40
Bug,TTOP-352,gil9red,Open,Ordinary,08-02-2018 15:05
New Feature,TTOP-350,gil9red,Closed,Moderate/Major,01-02-2018 19:12
Bug,RBTWS-21206,gil9red,Closed,Ordinary,01-02-2018 14:28
Question,RBTWS-11162,gil9red,Resolved,Moderate/Major,30-01-2018 12:57
Sub-task,TTOP-329,gil9red,Resolved,Ordinary,29-01-2018 12:38
Task,TTOP-315,gil9red,Reopened,Ordinary,24-01-2018 17:18
Task,TTOP-345,gil9red,Resolved,Ordinary,24-01-2018 17:08
Question,TTOP-346,gil9red,Closed,Ordinary,24-01-2018 15:13
New Feature,TTOP-342,gil9red,Resolved,Ordinary,23-01-2018 20:14
Bug,TTOP-347,gil9red,Open,Ordinary,23-01-2018 18:59
Task,TTOP-331,gil9red,Resolved,Ordinary,23-01-2018 16:27
Sub-task,TTOP-343,gil9red,Resolved,Ordinary,23-01-2018 11:55
Bug,TTOP-180,gil9red,Closed,Ordinary,18-01-2018 16:43
Task,TTOP-220,gil9red,Closed,Ordinary,18-01-2018 11:29
Bug,TTOP-233,gil9red,Open,Ordinary,17-01-2018 18:28
Bug,TTOP-242,gil9red,Open,Ordinary,17-01-2018 15:05
Bug,TTOP-248,gil9red,Resolved,Moderate/Major,17-01-2018 14:45
Task,TTOP-234,gil9red,Resolved,Ordinary,17-01-2018 14:41
Bug,TTOP-181,gil9red,Open,Ordinary,16-01-2018 20:20
Task,TTOP-338,gil9red,Closed,Ordinary,16-01-2018 16:46
Bug,TTOP-190,gil9red,Resolved,Ordinary,16-01-2018 12:53
Bug,TTOP-281,gil9red,Resolved,Ordinary,16-01-2018 10:27
Task,TTOP-291,gil9red,Closed,Ordinary,15-01-2018 14:32
Bug,TTOP-286,gil9red,Resolved,Ordinary,15-01-2018 11:11
Bug,TTOP-296,gil9red,Closed,Ordinary,15-01-2018 10:12
Task,TTOP-292,gil9red,Resolved,Ordinary,12-01-2018 15:07
New Feature,TTOP-336,gil9red,Closed,Ordinary,12-01-2018 13:43
Task,TTOP-337,gil9red,Closed,Ordinary,12-01-2018 13:43
Task,TTOP-279,gil9red,Resolved,Ordinary,12-01-2018 12:30
New Feature,TTOP-335,gil9red,Closed,Ordinary,12-01-2018 12:28
Task,TTOP-194,gil9red,Resolved,Ordinary,12-01-2018 11:48
Bug,TTOP-316,gil9red,Resolved,Moderate/Major,11-01-2018 10:42
Task,TTOP-168,gil9red,Resolved,Ordinary,10-01-2018 11:38
Task,TTOP-266,gil9red,Open,Ordinary,09-01-2018 17:55
Question,TTOP-334,gil9red,Closed,Moderate/Major,09-01-2018 10:47
Bug,TTOP-207,gil9red,Resolved,Ordinary,29-12-2017 15:57
Bug,TTOP-200,gil9red,Resolved,Ordinary,29-12-2017 15:47
Bug,TTOP-228,gil9red,Resolved,Ordinary,29-12-2017 15:43
Bug,TTOP-241,gil9red,Resolved,Ordinary,29-12-2017 15:40
Bug,TTOP-254,gil9red,Resolved,Ordinary,29-12-2017 15:40
Question,TTOP-253,gil9red,Resolved,Ordinary,29-12-2017 15:35
Question,TTOP-307,gil9red,Resolved,Ordinary,29-12-2017 15:28
Bug,TTOP-308,gil9red,Open,Ordinary,29-12-2017 11:47
Bug,TTOP-192,gil9red,Resolved,Ordinary,28-12-2017 10:55
New Feature,TTOP-87,gil9red,Resolved,Info Request/Minor,25-12-2017 10:39
Question,RBTWS-19486,gil9red,Closed,Moderate/Major,19-12-2017 12:33
Task,RBTWS-20795,gil9red,Open,Ordinary,04-12-2017 10:38
Bug,TTOP-318,gil9red,Resolved,Ordinary,21-11-2017 16:51
Question,TTOP-314,gil9red,Closed,Moderate/Major,18-11-2017 22:01
Bug,TTOP-240,gil9red,Resolved,Moderate/Major,17-11-2017 18:52
Task,TTOP-227,gil9red,Resolved,Ordinary,17-11-2017 18:51
Task,STTXS-218,gil9red,Closed,Moderate/Major,17-11-2017 12:40
Task,TTOP-67,gil9red,Open,Info Request/Minor,16-11-2017 11:25
Bug,TTOP-151,gil9red,Resolved,Ordinary,16-11-2017 11:16
Task,RBTWS-20981,gil9red,Closed,Ordinary,10-11-2017 14:20
Question,TTOP-310,gil9red,Resolved,Moderate/Major,09-11-2017 16:09
Task,TTOP-309,gil9red,Closed,Ordinary,01-11-2017 15:13
Sub-task,RBTWS-15326,gil9red,Open,Ordinary,26-10-2017 10:46
Bug,TTOP-305,gil9red,Closed,Ordinary,12-10-2017 16:06
Task,TTOP-293,gil9red,Resolved,Ordinary,12-10-2017 16:06
Bug,TTOP-304,gil9red,Resolved,Ordinary,11-10-2017 19:11
Task,TTOP-290,gil9red,Resolved,Ordinary,11-10-2017 18:50
New Feature,TTOP-278,gil9red,Open,Ordinary,11-10-2017 17:38
Task,TTOP-302,gil9red,Resolved,Ordinary,11-10-2017 16:09
Bug,TTOP-301,gil9red,Resolved,Ordinary,10-10-2017 11:34
New Feature,TTOP-106,gil9red,Closed,Moderate/Major,10-10-2017 11:26
Bug,TTOP-237,gil9red,Closed,Ordinary,10-10-2017 09:44
Task,RBTWS-19735,gil9red,Closed,Moderate/Major,09-10-2017 15:25
Bug,TTOP-298,gil9red,Closed,Ordinary,09-10-2017 14:05
Task,STTXS-222,gil9red,Resolved,Ordinary,09-10-2017 13:50
Question,TTOP-282,gil9red,Resolved,Ordinary,05-10-2017 17:57
Question,RBTWS-18642,gil9red,Resolved,Moderate/Major,27-09-2017 11:32
Bug,STTXS-229,gil9red,Closed,Ordinary,18-09-2017 10:33
Bug,TTOP-239,gil9red,Closed,Ordinary,14-09-2017 16:42
Task,TTOP-287,gil9red,Closed,Ordinary,14-09-2017 12:33
Bug,TTOP-217,gil9red,Resolved,Ordinary,13-09-2017 16:37
Task,TTOP-285,gil9red,Open,Ordinary,12-09-2017 19:00
Bug,RBTWS-11357,gil9red,Resolved,Ordinary,08-09-2017 19:10
New Feature,TTOP-107,gil9red,Closed,Ordinary,08-09-2017 15:00
Task,TTOP-280,gil9red,Resolved,Ordinary,06-09-2017 13:27
Task,TTOP-147,gil9red,Closed,Ordinary,05-09-2017 13:37
New Feature,TTOP-109,gil9red,Closed,Ordinary,05-09-2017 13:26
Bug,TTOP-201,gil9red,Closed,Ordinary,05-09-2017 13:24
Task,TTOP-172,gil9red,Closed,Ordinary,05-09-2017 13:23
Task,TTOP-265,gil9red,Resolved,Ordinary,04-09-2017 19:18
Bug,TTOP-275,gil9red,Resolved,Ordinary,04-09-2017 16:36
Bug,TTOP-238,gil9red,Closed,Ordinary,04-09-2017 09:32
Task,TTOP-186,gil9red,Resolved,Ordinary,02-09-2017 18:35
Bug,TTOP-199,gil9red,Resolved,Moderate/Major,02-09-2017 18:17
Bug,TTOP-263,gil9red,Resolved,Ordinary,02-09-2017 17:35
Task,TTOP-249,gil9red,Closed,Ordinary,01-09-2017 10:01
Bug,TTOP-251,gil9red,Closed,Ordinary,01-09-2017 10:01
Bug,TTOP-245,gil9red,Closed,Ordinary,01-09-2017 09:13
Question,TTOP-247,gil9red,Resolved,Ordinary,29-08-2017 11:21
Bug,TTOP-274,gil9red,Open,Moderate/Major,28-08-2017 16:55
Bug,TTOP-246,gil9red,Open,Moderate/Major,25-08-2017 18:47
Task,TTOP-206,gil9red,Closed,Ordinary,25-08-2017 18:46
Bug,TTOP-212,gil9red,Closed,Ordinary,25-08-2017 18:43
Task,TTOP-262,gil9red,Closed,Ordinary,25-08-2017 18:38
Bug,TTOP-260,gil9red,Closed,Ordinary,25-08-2017 18:37
Bug,TTOP-235,gil9red,Resolved,Ordinary,25-08-2017 18:23
New Feature,TTOP-271,gil9red,Resolved,Ordinary,25-08-2017 17:58
Task,TTOP-268,gil9red,Open,Ordinary,25-08-2017 11:15
Task,TTOP-166,gil9red,Open,Ordinary,24-08-2017 17:29
Task,TTOP-261,gil9red,Closed,Ordinary,24-08-2017 15:15
Bug,TTOP-258,gil9red,Closed,Moderate/Major,23-08-2017 18:50
Task,TTOP-255,gil9red,Open,Ordinary,18-08-2017 18:01
New Feature,STTXS-225,gil9red,Closed,Ordinary,11-08-2017 16:49
Task,TTOP-195,gil9red,Closed,Ordinary,01-08-2017 16:34
Bug,TTOP-244,gil9red,Closed,Moderate/Major,31-07-2017 12:07
New Feature,TTOP-204,gil9red,Open,Ordinary,26-07-2017 14:40
Task,TTOP-225,gil9red,Resolved,Ordinary,17-07-2017 14:49
Task,TTOP-196,gil9red,Open,Ordinary,10-07-2017 15:05
Question,TTOP-230,gil9red,Closed,Ordinary,10-07-2017 14:08
Bug,TTOP-231,gil9red,Closed,Ordinary,10-07-2017 10:26
Bug,TTOP-232,gil9red,Open,Ordinary,07-07-2017 19:33
Task,TTOP-229,gil9red,Closed,Ordinary,07-07-2017 16:18
Task,TTOP-224,gil9red,Closed,Ordinary,06-07-2017 16:01
New Feature,TTOP-123,gil9red,Closed,Ordinary,05-07-2017 17:11
Bug,TTOP-163,gil9red,Resolved,Ordinary,05-07-2017 13:06
Task,TTOP-223,gil9red,Closed,Ordinary,05-07-2017 12:31
New Feature,TTOP-56,gil9red,Closed,Info Request/Minor,04-07-2017 17:46
New Feature,TTOP-221,gil9red,Closed,Ordinary,04-07-2017 13:06
Question,STTXS-226,gil9red,Closed,Ordinary,04-07-2017 12:28
Bug,TTOP-129,gil9red,Closed,Ordinary,30-06-2017 16:09
Bug,TTOP-202,gil9red,Closed,Ordinary,30-06-2017 16:03
Bug,TTOP-219,gil9red,Closed,Ordinary,29-06-2017 17:18
Bug,TTOP-198,gil9red,Resolved,Ordinary,29-06-2017 17:18
New Feature,TTOP-121,gil9red,Open,Ordinary,26-06-2017 13:13
Bug,TTOP-142,gil9red,Open,Ordinary,26-06-2017 13:13
Bug,TTOP-148,gil9red,Open,Ordinary,26-06-2017 13:12
Task,TTOP-165,gil9red,In Progress,Ordinary,26-06-2017 13:12
Bug,TTOP-178,gil9red,Open,Ordinary,26-06-2017 13:12
Bug,TTOP-182,gil9red,Open,Moderate/Major,26-06-2017 13:12
Bug,TTOP-183,gil9red,Open,Ordinary,26-06-2017 13:12
Bug,TTOP-184,gil9red,Open,Ordinary,26-06-2017 13:12
Bug,TTOP-185,gil9red,Open,Ordinary,26-06-2017 13:12
Bug,TTOP-187,gil9red,Open,Ordinary,26-06-2017 13:11
Bug,TTOP-117,gil9red,Closed,Ordinary,22-06-2017 14:05
Bug,TTOP-216,gil9red,Closed,Ordinary,21-06-2017 18:57
New Feature,TTOP-215,gil9red,Closed,Ordinary,21-06-2017 12:05
Task,RBTWS-18569,gil9red,Closed,Ordinary,20-06-2017 14:20
Bug,TTOP-214,gil9red,Open,Ordinary,19-06-2017 18:53
New Feature,TTOP-205,gil9red,Open,Ordinary,07-06-2017 12:28
Task,RBTWS-17758,gil9red,Open,Ordinary,06-06-2017 14:40
Task,RBTWS-7571,gil9red,Resolved,Ordinary,01-06-2017 10:40
Sub-task,RBTWS-17826,gil9red,Resolved,Ordinary,30-05-2017 15:55
Task,RBTWS-18357,gil9red,Closed,Ordinary,23-05-2017 12:17
Task,RBTWS-18356,gil9red,Closed,Ordinary,19-05-2017 11:06
Question,RBTWS-18340,gil9red,Closed,Ordinary,17-05-2017 16:10
Bug,STTXS-213,gil9red,Resolved,Moderate/Major,17-05-2017 09:50
Task,RBTWS-16839,gil9red,Resolved,Ordinary,03-05-2017 16:57
Task,RBTWS-17260,gil9red,Closed,Ordinary,14-04-2017 11:45
Bug,RBTWS-17824,gil9red,Resolved,Moderate/Major,14-04-2017 11:08
Task,RBTWS-16424,gil9red,Closed,Ordinary,07-04-2017 12:08
Bug,RBTWS-13014,gil9red,Closed,Ordinary,07-04-2017 12:08
Task,RBTWS-11089,gil9red,Resolved,Ordinary,07-04-2017 12:07
New Feature,TTOP-115,gil9red,Closed,Ordinary,30-03-2017 16:40
Task,RBTWS-17682,gil9red,Closed,Ordinary,30-03-2017 15:52
Task,RBTWS-14074,gil9red,Resolved,Ordinary,16-03-2017 22:08
Task,RBTWS-12160,gil9red,Resolved,Ordinary,22-02-2017 10:44
Task,RBTWS-11332,gil9red,Resolved,Ordinary,22-02-2017 10:44
Task,STTXS-201,gil9red,Closed,Moderate/Major,17-02-2017 16:45
Question,STTXS-204,gil9red,Closed,Moderate/Major,16-02-2017 15:10
Bug,STTXS-192,gil9red,Resolved,Moderate/Major,16-02-2017 13:01
Bug,RBTWS-6231,gil9red,Closed,Info Request/Minor,03-02-2017 10:52
Bug,RBTWS-7330,gil9red,Closed,Ordinary,26-01-2017 18:00
Bug,TTOP-114,gil9red,Resolved,Ordinary,11-01-2017 13:51
Task,TTOP-30,gil9red,Resolved,Ordinary,11-01-2017 12:06
Bug,TTOP-34,gil9red,Closed,Ordinary,11-01-2017 10:39
Bug,TTOP-35,gil9red,Closed,Ordinary,11-01-2017 09:58
Bug,TTOP-36,gil9red,Closed,Ordinary,10-01-2017 16:37
Bug,RBTWS-15318,gil9red,Closed,Ordinary,30-12-2016 13:57
Question,RBTWS-15904,gil9red,Closed,Ordinary,23-12-2016 15:13
Task,TTOP-112,gil9red,Resolved,Ordinary,16-12-2016 14:14
Bug,TTOP-108,gil9red,Resolved,Ordinary,16-12-2016 10:19
Task,RBTWS-15924,gil9red,Closed,Ordinary,06-12-2016 18:18
Task,STTXS-206,gil9red,Resolved,Ordinary,29-11-2016 14:02
Task,RBTWS-15624,gil9red,Closed,Ordinary,21-11-2016 14:35
Task,STTXS-182,gil9red,Resolved,Moderate/Major,15-11-2016 15:08
Question,RBTWS-15129,gil9red,Closed,Info Request/Minor,09-11-2016 15:59
Task,RBTWS-11816,gil9red,Closed,Ordinary,14-10-2016 09:54
New Feature,TTOP-57,gil9red,Resolved,Ordinary,07-10-2016 17:33
Bug,RBTWS-14300,gil9red,Closed,Ordinary,06-10-2016 13:49
Task,RBTWS-13890,gil9red,Resolved,Moderate/Major,14-09-2016 16:35
Bug,RBTWS-14481,gil9red,Closed,Ordinary,25-08-2016 17:37
Bug,RBTWS-13487,gil9red,Closed,Ordinary,24-08-2016 13:40
Sub-task,RBTWS-13478,gil9red,Resolved,Ordinary,23-08-2016 17:33
Task,STTXS-211,gil9red,Resolved,Ordinary,26-07-2016 08:17
New Feature,RBTWS-10410,gil9red,Closed,Ordinary,08-07-2016 20:14
New Feature,STTXS-214,gil9red,Resolved,Ordinary,04-07-2016 15:49
New Feature,RBTWS-11433,gil9red,Closed,Ordinary,21-06-2016 15:38
Bug,RBTWS-13577,gil9red,Resolved,Ordinary,14-06-2016 14:09
Task,TTOP-33,gil9red,Closed,Ordinary,03-06-2016 12:31
Task,TTOP-32,gil9red,Resolved,Ordinary,03-06-2016 12:31
Sub-task,TTOP-29,gil9red,Closed,Moderate/Major,03-06-2016 11:01
Sub-task,TTOP-25,gil9red,Closed,Ordinary,03-06-2016 11:01
Sub-task,TTOP-26,gil9red,Closed,Ordinary,03-06-2016 11:01
Sub-task,TTOP-27,gil9red,Closed,Ordinary,03-06-2016 11:01
Sub-task,TTOP-24,gil9red,Resolved,Ordinary,03-06-2016 11:01
Bug,RBTWS-12713,gil9red,Closed,Ordinary,31-05-2016 10:14
Bug,STTXS-209,gil9red,Resolved,Ordinary,23-05-2016 21:35
Question,RBTWS-12736,gil9red,Resolved,Ordinary,10-05-2016 13:33
Bug,RBTWS-12845,gil9red,Resolved,Ordinary,21-04-2016 10:24
Task,RBTWS-9805,gil9red,Closed,Ordinary,06-04-2016 17:03
Bug,STTXS-208,gil9red,Closed,Ordinary,05-04-2016 16:46
Question,STTXS-197,gil9red,Closed,Ordinary,05-04-2016 16:45
Bug,RBTWS-12385,gil9red,Resolved,Ordinary,01-04-2016 16:19
Task,STTXS-186,gil9red,Closed,Ordinary,25-03-2016 15:14
Task,RBTWS-11566,gil9red,Closed,Ordinary,15-02-2016 11:25
Bug,RBTWS-11921,gil9red,Resolved,Ordinary,05-02-2016 18:29
Task,RBTWS-9019,gil9red,Resolved,Info Request/Minor,28-01-2016 11:46
Bug,RBTWS-7166,gil9red,Closed,Ordinary,27-01-2016 16:33
Task,RBTWS-10386,gil9red,Resolved,Info Request/Minor,13-01-2016 13:52
Question,RBTWS-11238,gil9red,Closed,Ordinary,12-01-2016 12:29
Task,RBTWS-9023,gil9red,Closed,Ordinary,09-12-2015 13:37
Bug,RBTWS-9898,gil9red,Closed,Ordinary,09-12-2015 13:06
Question,RBTWS-11117,gil9red,Closed,Ordinary,03-12-2015 17:12
Sub-task,RBTWS-10712,gil9red,Closed,Ordinary,20-11-2015 17:29
Task,RBTWS-9939,gil9red,Closed,Info Request/Minor,20-11-2015 16:33
Question,RBTWS-11076,gil9red,Closed,Ordinary,20-11-2015 13:26
Bug,RBTWS-9433,gil9red,Closed,Ordinary,13-11-2015 15:00
Bug,STTXS-199,gil9red,Closed,Ordinary,05-11-2015 11:23
Sub-task,RBTWS-10711,gil9red,Closed,Ordinary,29-10-2015 15:38
Task,RBTWS-10713,gil9red,Closed,Ordinary,23-10-2015 18:02
Task,RBTWS-9612,gil9red,Closed,Ordinary,08-10-2015 16:56
Question,STTXS-200,gil9red,Closed,Ordinary,08-10-2015 16:56
Question,STTXS-195,gil9red,Closed,Ordinary,08-10-2015 16:56
Question,STTXS-196,gil9red,Closed,Moderate/Major,16-09-2015 15:04
Bug,RBTWS-9670,gil9red,Closed,Ordinary,31-08-2015 17:18
Bug,RBTWS-9311,gil9red,Closed,Ordinary,13-08-2015 16:53
Bug,RBTWS-8971,gil9red,Closed,Ordinary,04-08-2015 10:39
Bug,RBTWS-8409,gil9red,Closed,Ordinary,30-06-2015 13:29
New Feature,RBTWS-9585,gil9red,Resolved,Ordinary,30-06-2015 11:21
Task,RBTWS-9638,gil9red,Resolved,Moderate/Major,29-06-2015 17:20
Bug,RBTWS-9524,gil9red,Resolved,Ordinary,25-06-2015 14:58
Bug,RBTWS-9556,gil9red,Resolved,Ordinary,25-06-2015 14:58
Bug,RBTWS-9525,gil9red,Resolved,Ordinary,25-06-2015 14:57
Task,RBTWS-9526,gil9red,Resolved,Ordinary,23-06-2015 10:56
Sub-task,RBTWS-8136,gil9red,Open,Ordinary,21-05-2015 12:13
New Feature,RBTWS-7417,gil9red,Resolved,Ordinary,07-05-2015 14:35
Bug,RBTWS-8394,gil9red,Closed,Ordinary,28-04-2015 10:45
Bug,RBTWS-8877,gil9red,Closed,Ordinary,27-04-2015 11:17
Bug,RBTWS-9045,gil9red,Resolved,Moderate/Major,15-04-2015 09:57
Task,RBTWS-7387,gil9red,Resolved,Ordinary,02-04-2015 12:50
Task,RBTWS-8476,gil9red,Closed,Ordinary,27-03-2015 17:01
Bug,RBTWS-7427,gil9red,Closed,Info Request/Minor,06-03-2015 16:50
New Feature,RBTWS-3699,gil9red,Resolved,Ordinary,20-02-2015 12:35
Bug,RBTWS-8523,gil9red,Closed,Moderate/Major,16-02-2015 15:25
Bug,RBTWS-8335,gil9red,Closed,Ordinary,13-02-2015 12:08
Question,RBTWS-8566,gil9red,Closed,Moderate/Major,13-02-2015 11:41
Bug,RBTWS-8467,gil9red,Closed,Moderate/Major,13-02-2015 10:32
Bug,RBTWS-8465,gil9red,Closed,Moderate/Major,06-02-2015 15:56
Bug,RBTWS-8463,gil9red,Closed,Ordinary,06-02-2015 15:34
Bug,RBTWS-8437,gil9red,Closed,Moderate/Major,06-02-2015 15:23
Bug,RBTWS-8462,gil9red,Closed,Moderate/Major,04-02-2015 10:47
Bug,RBTWS-8458,gil9red,Closed,Moderate/Major,04-02-2015 10:24
Bug,RBTWS-8464,gil9red,Closed,Moderate/Major,04-02-2015 09:50
Question,RBTWS-8454,gil9red,Closed,Moderate/Major,03-02-2015 16:46
Bug,RBTWS-8436,gil9red,Closed,Moderate/Major,02-02-2015 16:36
Bug,RBTWS-8428,gil9red,Closed,Moderate/Major,02-02-2015 15:20
Question,RBTWS-6644,gil9red,Closed,Ordinary,30-01-2015 13:05
Task,RBTWS-7171,gil9red,Resolved,Moderate/Major,27-01-2015 13:37
Task,STTXS-148,gil9red,Closed,Info Request/Minor,31-12-2014 11:37
Bug,RBTWS-7413,gil9red,Closed,Info Request/Minor,31-12-2014 11:35
Bug,RBTWS-8206,gil9red,Closed,Ordinary,30-12-2014 16:14
Question,STTXS-161,gil9red,Closed,Ordinary,18-12-2014 09:56
Task,RBTWS-7602,gil9red,Closed,Ordinary,18-11-2014 16:53
Bug,RBTWS-7543,gil9red,Resolved,Ordinary,07-11-2014 14:05
Bug,RBTWS-7126,gil9red,Closed,Ordinary,05-11-2014 15:17
Bug,RBTWS-6812,gil9red,Closed,Ordinary,03-11-2014 16:53
Task,STTXS-160,gil9red,Closed,Ordinary,21-10-2014 12:07
Question,STTXS-142,gil9red,Closed,Ordinary,21-10-2014 11:33
Bug,RBTWS-7263,gil9red,Closed,Ordinary,10-10-2014 13:22
Bug,STTXS-156,gil9red,Closed,Ordinary,10-10-2014 11:06
Bug,STTXS-152,gil9red,Closed,Ordinary,10-10-2014 09:21
Bug,STTXS-153,gil9red,Closed,Ordinary,10-10-2014 09:21
Bug,STTXS-150,gil9red,Closed,Ordinary,10-10-2014 09:19
Bug,RBTWS-7092,gil9red,Closed,Ordinary,02-10-2014 16:44
Bug,RBTWS-6192,gil9red,Closed,Ordinary,02-10-2014 16:38
Bug,RBTWS-6825,gil9red,Closed,Info Request/Minor,02-10-2014 16:21
Bug,RBTWS-6835,gil9red,Closed,Ordinary,02-10-2014 16:18
Bug,RBTWS-7094,gil9red,Closed,Ordinary,02-10-2014 16:16
New Feature,STTXS-146,gil9red,Open,Ordinary,29-09-2014 11:27
Bug,RBTWS-7229,gil9red,Closed,Ordinary,19-09-2014 11:40
Task,RBTWS-7584,gil9red,Closed,Ordinary,18-09-2014 11:47
Bug,RBTWS-7216,gil9red,Closed,Ordinary,02-09-2014 17:01
Bug,RBTWS-6621,gil9red,Closed,Info Request/Minor,02-09-2014 16:59
Bug,RBTWS-7144,gil9red,Closed,Moderate/Major,29-08-2014 10:28
Task,RBTWS-6048,gil9red,Closed,Ordinary,18-08-2014 16:21
Task,STTXS-147,gil9red,Closed,Ordinary,18-08-2014 11:27
Sub-task,RBTWS-6047,gil9red,Closed,Ordinary,15-08-2014 13:34
Bug,RBTWS-6088,gil9red,Closed,Ordinary,14-08-2014 15:52
Bug,RBTWS-7266,gil9red,Closed,Ordinary,30-07-2014 12:14
Bug,RBTWS-7262,gil9red,Closed,Ordinary,29-07-2014 17:17
Task,RBTWS-6930,gil9red,Closed,Info Request/Minor,23-07-2014 13:03
Sub-task,RBTWS-7018,gil9red,Closed,Ordinary,17-07-2014 13:14
Task,RBTWS-5056,gil9red,Closed,Ordinary,17-07-2014 11:04
Bug,RBTWS-7112,gil9red,Closed,Ordinary,14-07-2014 10:16
Task,RBTWS-6596,gil9red,Closed,Ordinary,08-07-2014 20:52
Bug,RBTWS-6664,gil9red,Closed,Ordinary,02-07-2014 13:14
Bug,RBTWS-6665,gil9red,Closed,Ordinary,02-07-2014 13:14
Bug,RBTWS-6294,gil9red,Closed,Info Request/Minor,02-07-2014 10:58
Bug,RBTWS-6786,gil9red,Closed,Ordinary,02-07-2014 10:33
Task,RBTWS-6739,gil9red,Resolved,Ordinary,29-05-2014 10:33
Task,RBTWS-6184,gil9red,Closed,Info Request/Minor,13-05-2014 17:56
Bug,RBTWS-5768,gil9red,Closed,Ordinary,05-05-2014 13:16
Task,STTXS-144,gil9red,Closed,Ordinary,30-04-2014 15:27
Task,STTXS-145,gil9red,Closed,Ordinary,30-04-2014 15:25
